"Implications of a 3.472-3.333 Gyr-old subaerial microbial mat from the Barberton greenstone belt, South Africa for the UV environmental conditions on the early Earth"
" catena -Poly[[(acetato-κ O )(1,10-phenanthroline-κ 2 N , N ′)nickel(II)]-μ-acetato-κ 2 O : O ′] "
Hexaaquacopper(II) bis(4-methylbenzenesulfonate)
" Poly[[aqua(2,2′-bipyridine)(μ 3 -pyridine-3,4-dicarboxylato)nickel(II)] monohydrate] "
Small Cell Carcinoma of the Urinary Bladder: CT and MR Imaging Findings
"Tetrakis(μ-2-pyridyloxyacetato)bis[(1,10-phenanthroline)(2-pyridyloxyacetato)praseodymium(III)]"
Recently Published Dissertations on Community and Junior Colleges
RETRACTED ARTICLE: Quaternary Ammonium and Phosphonium Based Deep Eutectic Solvents for the Solution-Based Exfoliation of Graphene
"Bis[2,4-pentanedionato(1−)]bis[4,4,5,5-tetramethyl-2-(4-pyridyl)-imidazoline-1-oxyl 3-oxide]manganese(II)"
 N ′-(3-Nitro-4-pyridylcarbonyl)pyridine-4-carbohydrazide 
RETRACTED ARTICLE: Comparison of mechanical properties and sensitization of clad steel weld zone with FCAW
"Teacher placement, mobility, and occupational choices after teaching"
"Correction for Pushparaj et al., Retraction to Pushparaj et al. 106(24):9773"
"Ammonium 2,6-dicarboxy-4-nitrophenolate"
" catena -Poly[[tetra-μ-anilinoacetamidato-bis(1,10-phenanthroline)dicerium(III)]-di-μ-anilinoacetamidato] "
"Oxalatobis(propane-1,3-diamine)manganese(II) chloride monohydrate"
RETRACTED ARTICLE: A multi-agent architectural solution for coherent distributed reconfigurations of function blocks
"Analysis of Anthocyanin, Flavonoids, and Phenolic Acid Contents of Ten Fruits and Antioxidant Activity"
Robustification of the Standard GPC Controller Using the Mixed Sensitivity Problem
RETRACTED ARTICLE: Sol–gel synthesized high anisotropy magnetic nanoparticles of NiCr x Fe2−x O4
Temporally resolved imaging on quenching and re-ignition of nanosecond underwater discharge
Errance Et Transgressions Raciniennes: Pour Une Nouvelle Sémiotique Du Discours Tragique
"{6,6′-Dimethoxy-2,2′-[ethane-1,2-diylbis(nitrilomethylidyne)]diphenolato}methanol-μ-nitrato-dinitratolutetium(III)zinc(II)"
RETRACTED ARTICLE: Changes in the characteristics of atmosphere–ocean interactions over the South China Sea during summer
" (Dimethylglyoxime-κ 2 N , N ′)bis(1,10-phenanthroline-κ 2 N , N ′)copper(II) dinitrate dihydrate "
RETRACTED ARTICLE: The research of oxidation and spontaneous combustion behavior of light crude oil by thermogravimetric technology
" ANTIOXIDANT CAPACITY OF VOLATILE OILS FROM JAPANESE EDIBLE WILD PLANT ( B. RUBRA, E. JAPONICUM, W. BRACHYBITRYS) USING ORAC ASSAY "
" Diaquabis(pyridine-2-carboxylato-κ 2 N , O )cobalt(II) "
"RETRACTED ARTICLE: Length–weight relationship and condition factor of nine possible crosses of three stocks of giant freshwater prawn, Macrobrachium rosenbergii from different agro-ecological regions of India"
Shielding Property of Natural Biomass Against Gamma Rays
RETRACTED ARTICLE: Absence et subterfuge modianesques
"Numerical Simulation of the Effect of Particle Size, pH and Flocculant Dosage on the Thickening Performance of Coal Flotation Tailing"
" Bis[ N -(8-quinolyl)pyridine-2-carboxamidato-κ 3 N , N ′, N ′′]manganese(III) perchlorate monohydrate "
Hexaaquacobalt(II) bis(4-aminobenzenesulfonate)
RETRACTED ARTICLE: Postconditioning promotes the cardiac repair through balancing collagen degradation and synthesis after myocardial infarction in rats
" (1,10-Phenanthroline-κ 2 N , N ′)tris(phenoxyacetato)-κ O ;κ O ;κ O , O ′-neodymium(III) "
Hexaaquanickel(II) bis(4-aminobenzenesulfonate)
RETRACTED ARTICLE: DDB1 and Cul4 are necessary for gene silencing and heterochromatin formation at pericentromeric regions in Neurospora
RETRACTED ARTICLE: Paroles à la dérive
" (Dihydroxyglyoxime-κ 2 N , N ′)bis(1,10-phenanthroline-κ 2 N , N ′)copper(II) dinitrate dihydrate "
" (8-Quinolinol-κ 2 N , O )bis(8-quinolinolato-κ 2 N , O )zinc(II) glyoxal hemisolvate monohydrate "
RETRACTED ARTICLE: Who will carry the word? The threshold between unspeakability and silence in the Holocaust narratives of Charlotte Delbo and Jorge Semprun
Characterizing monoclonal antibody structure by carbodiimide/GEE footprinting
Test deposit to test.crossref.org 1026-1112
THE SOCIOLOGY AND POLITICAL ECONOMY OF “ISLAMIC TERRORISM” IN EGYPT
RETRACTED ARTICLE: Quantum effects on translation and rotation of molecular chlorine in solid para-hydrogen
"{6,6′-Diethoxy-2,2′-[ethane-1,2-diylbis(nitrilomethylidyne)]diphenolato}trinitratoeuropium(III)zinc(II)"
 catena -Poly[[aqua(pyrazine-2-carboxylato)copper(II)]-μ-pyrazine-2-carboxylato] 
RETRACTED ARTICLE: Field-Induced Superconductivity in MoS2
"RETRACTED ARTICLE: Distribution pattern and adaptive growth forms of Jurassic corals in the Gebel Maghara area, Sinai, Egypt"
 Tetrakis(pyridine-κ N )bis(thiocyanato-κ N )chromium(II) 
 Aspergillus fumigatus occupational exposure in waste sorting and incineration plants 
Hexaaquamanganese(II) bis(4-methylbenzenesulfonate)
RETRACTED ARTICLE: Matrix Representation of the Real Clifford Algebra
" ETUDE DE L'ACTION DE L'OXYDE DU TRICHLOROPHOSPHINE SUR LES AMIDINES N -BENZIMIDAZOL-2-YL: SYNTHESE DES [1,2- a ] BENZIMIDAZOLO-1,3,5,2-TRIAZAPHOSPHORINE-2- OXYDES "
RETRACTED ARTICLE: From the human visual system to the computational models of visual attention: a survey
RETRACTED ARTICLE: Numerical analysis of multiphase flow in porous material
Bangladesh’s Food for Education program: the effects on two groups of targeted households
RETRACTED ARTICLE: Interference of Mucin 1 inhibits the growth of liver cancer cells by inducing mitochondria-mediated and death receptor-mediated cell apoptosis
The AIDS epidemic in south Florida: black non-Hispanics in our communities remain increasingly vulnerable
RETRACTED ARTICLE: Transnational higher education in Uzbekistan
RETRACTED ARTICLE: Sur L’emiettement Chaotique Du Sens Essai De Rétrospection
Adsorption and Inhibition Effect of Benzaldehyde Schiff Bases on Mild Steel Corrosion in 1 M HCl Medium
"Tetraaquabis(4,4′-bipyridine)cobalt(II) pyridine-2,6-dicarboxylate tetrahydrate"
" (Dimethylglyoxime-κ 2 N , N ′)bis(1,10-phenanthroline-κ 2 N , N ′)nickel(II) dinitrate dihydrate "
"Warlords, priests and the politics of ethnic cleansing: a case-study from rural Bosnia Hercegovina"
Retracted Article: Determination of silk fibroin secondary structure by terahertz time domain spectroscopy
The Application of Intelligent Computation (Artificial Neural Network—ANN) Prediction of Sweet Gas Concentration in a Gas Absorption Column
RETRACTED ARTICLE: Fast Brillouin Optical Fiber Sensor for Distributed Dynamic Measurement Based on Differential Double-Pulse
" {6,6′-Dimethoxy-2,2′-[ethane-1,2-diylbis(nitrilomethylidyne)]diphenolato-1κ 4 O 1 , O 1′ , O 6 , O 6′ :2κ 4 O 1 , N , N ′, O 1′ }(methanol-1κ O )-μ-nitrato-1:2κ 2 O : O ′-dinitrato-1κ 4 O , O ′-cerium(III)zinc(II) "
P3.336 Seroprevalence of Human Immunodeficiency Virus (HIV)Infection Amongst Tuberculosis(TB) Patients Attending TB/DOTS Centre in Nnewi South East Nigeria
RETRACTED ARTICLE: The Ogallala Formation of the Great Plains in Central US and Its Containment of Life-Giving Water
Periodic Solutions of Second Order Impulsive Differential Equations at Resonance via Variational Approach
"{μ-6,6′-Dimethoxy-2,2′-[ethane-1,2-diylbis(nitrilomethylidyne)]diphenolato}-μ-nitrato-dinitratoterbium(III)zinc(II)"
"Dichlorido(1,10-phenanthroline)copper(II)"
Observing the result of external magnetic field with nonextensivity on DA waves for two temperature electrons in a dusty plasmas
" catena -Poly[[[diaqua(6-carboxypyridine-2-carboxylato)samarium(II)]-μ-pyridine-2,6-dicarboxylato] tetrahydrate] "
"RETRACTED ARTICLE: GIS-based landslide susceptibility mapping using analytical hierarchy process (AHP) and certainty factor (CF) models for the Baozhong region of Baoji City, China"
" catena -Poly[[(2,2-bipyridine)cobalt(II)]-μ-imidazole-4,5-dicarboxylato] "
‘In my Liverpool home’: an investigation into the institutionalised invisibility of Liverpool’s black citizens
RETRACTED ARTICLE: Of difference contrived: The semiotics of sameness in J.-K. Huysmans’ a rebours
RETRACTED ARTICLE: Dépistage du cancer épidermoïde de l’œsophage par endoscopie chez les sujets à risque élevé de cancer
" catena -Poly[hexakis(μ 2 -anilinoacetamide)bis(1,10-phenanthroline)disamarium(III] "
RETRACTED ARTICLE: Effects of Osteopontin on Expression of IL-6 and IL-8 Inflammatory Factors in Human Knee Osteoarthritis Chondrocytes
" Diaquabis(pyridine-2-carboxylato-κ 2 N , O )iron(II) "
"Tetra-μ-2,5-difluorobenzoato-bis[(2,2′-bipyridine)(2,5-difluorobenzoato)gadolinium(III)]"
" catena -Poly[[bis(μ-anilinoacetato-κ 2 O : O ′)bis(μ-anilinoacetato-κ 3 O , O ′: O )bis[(1,10-phenanthroline-κ 2 N , N ′)samarium(III)]-μ-anilinoacetato-κ 2 O : O ′] "
RETRACTED ARTICLE: Role of cucurbits in apical leaf curl disease of potato in Northern India
"RETRACTED ARTICLE: Extended rule of five, graphical abbreviated profile, pharmacokinetic and prediction of activity of peptidic HIV-1-PR inhibitors"
"RETRACTED ARTICLE: Synthesis and Characterization of Gemini Surfactants with Two Sulfonate Groups, Two hydroxyl, and Two Lipophilic Alkyl Chains"
"Cinema as ‘social documentary’: The film theory of André Bazin, revisited"
"Making International Business Travelers Come Back: A Two-Country Comparison on Satisfaction Functional Form, Trust, and Firm Size"
The Shear Creep Characteristics of a Green Schist Weak Structural Marble Surface
Finite element modeling of laser-generated ultrasound with application to defect detection
Accumulative Torsion Back (ATB) Processing as a New Plastic Deformation Technique
RETRACTED ARTICLE: Holistic analysis for task scheduling based on proportional dispatching in hybrid real-time system
" Poly[[aqua(2,2-bipyridine)(μ 3 -pyridine-3,4-dicarboxylato)cobalt(II)] monohydrate] "
RETRACTED ARTICLE: The diagnostic performance of 18F-FDG PET in detecting bone marrow infiltration in Hodgkin’s lymphoma and diffuse large B-cell lymphoma: a meta-analysis
RETRACTED ARTICLE: The hypoxia-inducible factor-1 regulates the microRNA185 expression through binding to hypoxia response elements sequence 2
" catena -Poly[[[diaqua(6-carboxypyridine-2-carboxylato-κ 3 O , N , O ′)gadolinium(III)]-μ-pyridine-2,6-dicarboxylato-κ 4 N , O , O ′: O ′′] tetrahydrate] "
"2,6-Dimethoxybenzohydrazide"
RETRACTED ARTICLE: Sparse tensor CCA for color face recognition
" catena -Poly[[(acetato-κ O )(1,10-phenanthroline-κ 2 N , N ′)cobalt(II)]-μ-acetato-κ 2 O : O ′] "
" cyclo -Tetrakis[μ- N -(2-hydroxybenzoyl)- N ′-(2-hydroxy-3-methoxybenzylidene)hydrazinate(2–)]tetracobalt(II) N , N -dimethylformamide tetrasolvate "
"Terephthalic acid–4,4′-bipyridine (2/1)"
RETRACTED ARTICLE: The semiotics of “Transit” in Joyce’s Ulysses
 Bis[ N -(8-quinolyl)pyridine-2-carboxamidato]iron(III) perchlorate monohydrate 
" catena -Poly[[[diaqua(6-carboxypyridine-2-carboxylato)terbium(III)]-μ-pyridine-2,6-dicarboxylato] tetrahydrate] "
" Tetraaqua(1,10-phenanthroline-κ 2 N , N ′)nickel(II) naphthalene-1,5-disulfonate dihydrate "
"(1,10-Phenanthroline)tris(phenoxyacetato)lanthanum(III)"
 Tetrakis(pyrazine-κ N )bis(thiocyanato-κ N )manganese(II) 
" Bis(4-bromo-2-formylphenolato-κ 2 O,O ′)copper(II) "
RETRACTED ARTICLE: Understanding the Small Object Argument
RETRACTED ARTICLE: Sustainable supply chain network design: a case of Indian company
Structure of Taq DNA polymerase shows a new orientation for the structure-specific nuclease domain
" Tris(quinolin-8-olato-κ 2 N , O )cobalt(III) glyoxal hemisolvate monohydrate "
RETRACTED ARTICLE: Microenvironment characterization for a novel biocompatible hybrid carbon-silicon material
" catena -Poly[[tetra-μ-anilinoacetato-bis(1,10-phenanthroline)dieuropium(III)]-di-μ-anilinoacetato] "
 Tetrakis(pyrazine-κ N )bis(thiocyanato-κ N )zinc(II) 
" catena -Poly[[(acetato-κ O )(1,10-phenanthroline-κ 2 N , N ′)copper(II)]-μ-acetato-κ 2 O : O ′] "
Stress associated with group living in a long-lived bird
RETRACTED ARTICLE: Simulation of crack growth using cohesive crack method
Analysis of effective properties of three-phase electro-magneto-elastic solids
"The Influence of Cultural Congruency, Communication, and Work Alienation on Employee Satisfaction and Commitment in Mexican Organizations"
" Poly[[[(2,2′-bipyridine)cadmium(II)]-μ 3 -pyridine-2,4-dicarboxylato] monohydrate] "
" catena -Poly[[aqua(pyrazine-2-carboxylato-κ 2 N 1 , O )zinc(II)]-μ-pyrazine-2-carboxylato-κ 2 N 1 , O : N 4 ] "
" (Dihydroxyglyoxime-κ 2 N , N ′)bis(1,10-phenanthroline-κ 2 N , N ′)manganese(II) dinitrate dihydrate "
RETRACTED ARTICLE: Effect of Short Duration Simulated Microgravity on Effectiveness of Local Anesthesia
 Tetrakis(pyridine-κ N )bis(thiocyanato-κ N )cobalt(II) 
Fracture Parameters for Composite Plates
"Tetraaquabis(4,4′-bipyridine)manganese(II) pyridine-2,6-dicarboxylate tetrahydrate"
Inhibition Effect of Benzaldehyde Schiff Bases on Mild Steel Corrosion in Hydrochloric Acid: Electrochemical and Surface Analyses
" catena -Poly[[(nitrato-κ O )(1,10-phenanthroline-κ 2 N , N ′)manganese(II)]-μ-nitrato-κ 2 O : O ′] "
" Bis(4,4′-bipyridine-κ N )tetrakis(nitrato-κ 2 O , O ′)tin(IV) "
RETRACTED: Different bone mineral density in cervical and endometrial cancer
mRNP granules
Effect of a marine bacterial biofilm on adhesion and retention of pseudo barnacle to silicone coating surface
RETRACTED ARTICLE: Preface to the special issue on “Practical methods and rigorous theories in numerical algebra and scientific computing”
" [ N , N ′-( o -Phenylene)dipicolinamide-κ 4 N ]nickel(II) "
RETRACTED ARTICLE: Cargo pendulation suppression of ship cranes with elastic booms
RETRACTED ARTICLE: Spatio-temporal variability of soil moisture–precipitation feedback in Indian summer monsoon regime
Comparing Measurement Error Between Two Different Methods of Measurement of Various Magnitudes
"Bis(pentane-2,4-dionato)bis[2-(4-pyridyl)-4,4,5,5-tetramethylimidazoline-1-oxyl 3-oxide]nickel(II)"
Microstructure and strengthening mechanism of Ni3Al intermetallic compound
" cyclo -Tetrakis[μ- N -(2-hydroxybenzoyl)- N ′-(2-hydroxy-3-methoxybenzylidene)hydrazinato(2−)]tetranickel(II) N , N -dimethylformamide tetrasolvate "
RETRACTED ARTICLE: Towards Post-National Membership: Local Voting Rights for Third-Country Nationals in Greece
" (1,10-Phenanthroline-κ 2 N , N ′)tris(3-phenylpropanoato-κ O )neodymium(III) "
"Aquachlorobis(1,10-phenanthroline)cobalt(II) chloride thiourea solvate"
Combining vocational and higher education studies to provide dual parallel qualifications
RETRACTED ARTICLE: Development of Nanostructured CdS Sensor for H2S Recognition: Structural and Physical Characterization
" Bis{μ-2,2′-[ethane-1,2-diylbis(nitrilomethylidyne)]diphenolato}bis[(thiocyanato-κ N )iron(III)] "
RETRACTED ARTICLE: Optimal planning of failure-step stress partially accelerated life tests under type-II censoring
" Bis(2,2′-bipyridyl-κ 2 N , N ′)bis(isothiocyanato-κ N )copper(II) "
RETRACTED ARTICLE: Variant Interleukin-1 Receptor-Associated Kinase-2 Mediates Increased NF-κB and p38 Activity Induced by Lipopolysaccharide
" Tetraaqua(1,10-phenanthroline-κ 2 N , N ′)copper(II) naphthalene-1,5-disulfonate dihydrate "
Implications of middle‐school behavior problems for high school graduation and employment outcomes of young adults: estimation of a recursive model
" catena -Poly[[chloridonickel(II)]-di-μ-chlorido-[chloridonickel(II)]-μ-4,4′-methylenebis(3,5-dimethylpyrazole)-κ 2 N 2 : N 2′ ] "
RETRACTED ARTICLE: Application of nano-baskets in polymer inclusion membranes
The Effect of miR-338-3p on HBx Deletion-Mutant (HBx-d382) Mediated Liver-Cell Proliferation through CyclinD1 Regulation
" Di-μ-chlorido-bis[chlorido(1,10-phenanthroline-κ 2 N , N ′)zinc(II)] "
Preparation of Sodium Dodecyl Sulfate Coated Pyrrolidine-1-Dithiocarboxylic Acid Ammonium Modified Magnetite Nanoparticles for Magnetic Solid Phase Extraction of Lead from Water Samples
RETRACTED ARTICLE: Formal derivation of biconjugate gradient method with its modification for distributed parallel computing
" Bis(4-bromo-2-formylphenolato-κ 2 O , O ′)zinc(II) "
RETRACTED ARTICLE: Willed from the bottom up: the postcolonial turned revolutionary
" catena -Poly[hexakis(μ 2 -anilinoacetamide)bis(1,10-phenanthroline)dipraseodymium(III)] "
RETRACTED ARTICLE: Dynamic nature of washback on individual learners: the role of possible selves
 Poly[diaqua-μ 3 -malonato-μ-pyrazine-diiron(II)] 
Lithium-ion conducting La2/3−xLi3xTiO3 solid electrolyte thin films with stepped and terraced surfaces
" catena -Poly[[(2,2′-bipyridine-κ 2 N , N ′)zinc(II)]-μ-imidazole-4,5-dicarboxylato-κ 4 N 1 , O 5 : N 3 , O 4 ] "
"(1,10-Phenanthroline)tris(phenoxyacetato)cerium(III)"
PKNOX2 gene is significantly associated with substance dependence in European-origin women
 Christina Hellmich. Al-Qaeda: From Global Network to Local Franchise. 
"Erratum to Implications of a 3.472-3.333-Gyr-old subaerial microbial mat from the Barberton greenstone belt, South Africa for the UV environmental conditions on the early Earth"
" catena -Poly[[aqua(pyrazine-2-carboxylato-κ 2 N 1 , O )manganese(II)]-μ-pyrazine-2-carboxylato-κ 3 N 1 , O : N 4 ] "
Application of Fourier Transform Infrared in Flow Surveillance of Oil Wells
"Diazidobis(2,2′-biimidazole)manganese(II)"
RETRACTED ARTICLE: Generation of topological chaos in the stokes flow in a rectangular cavity
" trans -Bis(ethylenediamine-κ 2 N , N ′)bis(nitrato-κ O )zinc(II) "
RETRACTED ARTICLE: Planned Policy or Primitive Balkanism? A Local Contribution to the Ethnography of the War in Bosnia-Herzegovina
"2-Fluoro-3,5-dinitrobenzamide monohydrate"
 N -(2-Fluorophenyl)carbamic acid monohydrate 
RETRACTED ARTICLE: Autopsies du centre
Discrete optimization method based on grassmannian parameterization in multidimensional dichotomic data structuring
Fitting wwp-1 in the dietary restriction network
RETRACTED ARTICLE: Frequency of TP53 Mutations and its Impact on Drug Sensitivity in Acute Myeloid Leukemia?
Phenomenology of the Experiences of Women with Thyroidectomy
"Effect of Vacuum, Microwave, and Convective Drying on Selected Parsley Quality"
RETRACTED ARTICLE: Improved cuckoo search algorithm using dimensional entropy gain
Tris(ethylenediamine)manganese(II) sulfate
RETRACTED ARTICLE: Assessment of sustainable exploitable groundwater resources under different water resources management scenarios in the arid salinization region
" catena -Poly[[(2,2′-bipyridine-κ 2 N , N ′)iron(II)]-μ-5-carboxy-4-carboxylatoimidazol-1-ido-κ 4 N 3 , O 4 : N 1 , O 5 ] "
" Poly[[[aqua(2,2-bipyridine)iron(II)]-μ 3 -pyridine-3,4-dicarboxylato] monohydrate] "
"Tetraaquabis(4,4′-bipyridine)iron(II) pyridine-2,6-dicarboxylate tetrahydrate"
" (Dimethylglyoxime-κ 2 N , N ′)bis(1,10-phenanthroline-κ 2 N , N ′)zinc(II) dinitrate dihydrate "
A fuzzy logic control scheme for a solar photovoltaic system for a maximum power point tracker
"{μ-6,6′-Diethoxy-2,2′-[ethane-1,2-diylbis(nitrilomethylidyne)]diphenolato}trinitratoholmium(III)nickel(II)"
Correction
Probiotics: A Comprehensive Approach toward Health Foods
Blockade of receptor for advanced glycation end products in a model of type 1 diabetic leukoencephalopathy. Diabetes. 19 November 2012 [Epub ahead of print]
 catena -Poly[[aqua(pyrazine-2-carboxylato)iron(II)]-μ-pyrazine-2-carboxylato] 
" catena -Poly[[[diaquathulium(III)]-μ-6-carboxynicotinato-μ-pyridine-2,5-dicarboxylato] dihydrate] "
" Bis(2-formylphenolato-κ 2 O , O ′)nickel(II) "
Antioxidative Activity of Cabernet Sauvignon Wine after Supplementation by Stem and Seed: the Effect of Fining Agents
RETRACTED ARTICLE: Z-scan approach for measuring a threshold of two-photon photopolymerization
"{6,6′-Dimethoxy-2,2′-[ethane-1,2-diylbis(nitrilomethylidyne)]diphenolato}methanol-μ-nitrato-dinitratosamarium(III)nickel(II)"
"Diazidobis(2,2′-biimidazole)iron(II)"
RETRACTED ARTICLE: Inhibition of Lipopolysaccharide (LPS)-Induced Inflammatory Responses by Selenium in Bovine Mammary Epithelial Cells in Primary Culture
Depression in Dementia Caregivers: An Analysis of Meaning and Symptom Severity
Synthesis and Evaluation of Some Quinoline Schiff Bases as a Corrosion Inhibitor for Mild Steel in 1 N HCl
" catena -Poly[[tetra-μ-anilinoacetato-bis(1,10-phenanthroline)dilanthanum(III)]-di-μ-anilinoacetato] "
" catena -Poly[[(nitrato-κ O )(1,10-phenanthroline-κ 2 N , N ′)cobalt(II)]-μ-acetamidato-κ 2 O : N ] "
" catena -Poly[[bis(1 H -benzimidazole-κ N 3 )palladium(II)]-μ-benzene-1,4-dicarboxylato-κ 2 O 1 : O 4 ] "
" catena -Poly[[aqua(2,2′-bipyridine-κ 2 N , N ′)copper(II)]-μ-5-nitroisophthalato-κ 3 O 1 , O 1′ : O 3 ] "
Statement of Retraction
" Bis(2-ethoxy-6-formylphenolato-κ 2 O 1 , O 6 )nickel(II) "
Multiple facial soft biometrics for person identification system
 PRDM9 gene polymorphism may not be associated with defective spermatogenesis in the Chinese Han population 
Bis(4-chloro-2-formylphenolato)nickel(II)
Gynaecological conditions and sexual dysfunction
" catena -Poly[[(2,2′-bipyridine)nickel(II)]-μ-imidazole-4,5-dicarboxylato] "
Ethanol Mediates Cell Cycle Arrest and Apoptosis in SK-N-SH Neuroblastoma Cells
" Poly[[aqua(2,2-bipyridyl)(μ 3 -pyridine-3,4-dicarboxylato)manganese(II)] monohydrate] "
 catena -Poly[[aqua(pyrazine-2-carboxylato)cobalt(II)]-μ-pyrazine-2-carboxylato] 
"Diazidobis(2,2′-biimidazole)cobalt(II)"
RETRACTED ARTICLE: Surfaces with common asymptotic curve in the Euclidean 3-space E 3
" {2,2′-[ o -Phenylenebis(nitrilomethylidyne)]diphenolato}manganese(II) "
Biodegradierbare Schraube vs. einer Press-fit-Verankerung für VKB-Rekonstruktionen
RETRACTED ARTICLE: Synthesis and antibacterial activity of chitosan–ciprofloxacin prodrug conjugates
RETRACTED ARTICLE: A low delay multi-source multicast algorithm for MANETs
2-(Benzyliminomethyl)-6-methoxyphenol
RETRACTED ARTICLE: Texture-guided volumetric deformation and visualization using 3D moving least squares
Environmental Indicators and Energy Outcomes: Evidence From the World Bank’s Classification Countries
On normal solvability of a Dirichlet-type problem for a third-order improperly elliptic equation
Le Simulacre Inaugural Micro-Lecture Camusienne
" catena -Poly[[tetra-μ-anilinoacetato-bis(1,10-phenanthroline)dineodymium(III)]-di-μ-anilinoacetato] "
PATIENTS WITH DYSPHASIA: ENCOUNTERS IN TAKING MEDICATION
Does the Oropharyngeal Fat Tissue Influence the Oropharyngeal Airway in Snorers? Dynamic CT Study
" Bis(2,2′-bipyridine-κ N , N ′)bis(thiocyanato-κ N )iron(II) "
Statement of Retraction
" (Dihydroxyglyoxime-κ 2 N , N ′)bis(1,10-phenanthroline-κ 2 N , N ′)cobalt(II) dinitrate dihydrate "
" Chloridobis(1,10-phenanthroline-κ 2 N , N ′)copper(I) hexahydrate "
" A novel heterocyclic compound: catena -poly[[[diaquasodium(I)]-di-μ-aqua] hemi(1,5-dihydroxy-4,8,9-trioxa-2,6-diazabicyclo[3.3.1]nona-2,6-diene-3,7-diolate)] "
"Aquachlorobis(1,10-phenanthroline)cobalt(II) chloride thioacetamide solvate"
Emotional Adjustment of Parents and Siblings of Individuals With Severe Psychopathology
"μ-Oxido-bis({4,4′-dibromo-2,2′-[ethane-1,2-diylbis(nitrilomethylidyne)]diphenolato}manganese(III))"
" Poly[[[μ 4 -4,4′-carbonylbis(benzene-3,4-dicarboxylato)]tetrakis(1,10-phenanthroline)dipalladium(II)] dihydrate] "
Mathematics Remediation's Connection to Community College Success
RETRACTED ARTICLE: Microstructure of NiTiO3–TiO2 eutectic and its magnetic properties
RETRACTED ARTICLE: Wear Mechanism for In Situ TiC Particle Reinforced AZ91 Magnesium Matrix Composites
RETRACTED ARTICLE: Legal status of biochar in Europe
Preparation of transition-metal-doped ZnO nanophotocatalysts and their performance on photocatalytic degradation of antibiotic wastewater
RETRACTED ARTICLE: Thermodynamic study on the interaction of cyanide ion and jack bean urease at different temperatures
Bis(6-methoxy-2-{[tris(hydroxymethyl)methyl]iminomethyl}phenolato)copper(II) dihydrate
" catena -Poly[[(2,2′-bipyridine-κ 2 N , N ′)nickel(II)]-μ-oxalato-κ 4 O 1 , O 2 : O 1′ , O 2′ ] "
Simulation of carbon nanotubes/GaAs hybrid photovoltaic using AMPS-1D
Mixing Time of Random Walk on Poisson Geometry Small World
Efficient Induction of Dopaminergic Neurons from Embryonic Stem Cells for Application to Parkinson's Disease
"1,4-Dihydro-3,6-dipyrazin-2-yl-1,2,4,5-tetrazine–benzene-1,3-dicarboxylic acid (1/1)"
"Retracted Article: Homonuclear bond activation using a stable N,N′-diamidocarbene"
Retracted Article: Motives and rationales for establishing international branch campuses in Uzbekistan: a case study of MDIS Tashkent
"2-Fluoro-3,5-dinitrobenzoic acid–ammonia (1/1)"
"HEALTH OF HOME-BASED SEX WORKERS AND THEIR CHILDREN IN RURAL ANDHRA PRADESH, INDIA"
Mode of binding of the antithyroid drug propylthiouracil to mammalian haem peroxidases
"RETRACTED ARTICLE: Synthesis, anti-bacterial, anti-fungal and cytotoxic properties of novel pyrimidine derivatives from chromen-2-one moiety"
"{μ-6,6′-Dimethoxy-2,2′-[ethane-1,2-diylbis(nitrilomethylidyne)]diphenolato}-μ-nitrato-dinitratoeuropium(III)zinc(II)"
Oxonium picrate
Test deposit to test.crossref.org 1026-1112
Viscoelastic and Structural Properties of Cellulosic Oleogels
" {6,6′-Dimethoxy-2,2′-[ethane-1,2-diylbis(nitrilomethylidyne)]diphenolato-1κ 4 O 1 , O 1′ , O 6 , O 6′ :2κ 4 O 1 , N , N ′, O 1′ }(ethanol-1κ O )-μ-nitrato-1:2κ 2 O : O ′-dinitrato-1κ 4 O , O ′-samarium(III)zinc(II) "
"(1,10-Phenanthroline)tri(3-phenylpropanoato)lanthanum(III)"
Antioxidant properties and radical-scavenging activity of ethanol extract of defatted peanut meal
AUTOMATED TEXT SUMMARIZATION: AN OVERVIEW
" RETRACTED ARTICLE: Molecular simulation of Zn 2+ , Cu 2+ , Pb 2+ , and NH 4 + ion-exchange in clinoptilolite "
 Poly[diaqua-di-μ 3 -malonato-μ-pyrazine-dimanganese(II)] 
ISSUES ASSOCIATED WITH DELIRIUM SEVERITY AMONG OLDER PATIENTS
 RETRACTED ARTICLE: A new antifungal labdane diterpene from the leaves of Saraca indica 
Points of general relativistic shock wave interaction are 'regularity singularities' where space-time is not locally flat
"RETRACTED ARTICLE: Assessment of soil erosion using RUSLE and GIS: a case study of the Maotiao River watershed, Guizhou Province, China"
Hexaaquazinc(II) bis(4-aminobenzenesulfonate)
" [ N , N ′-( o -Phenylene)bis(picolinamido)-κ 4 N , N ′, N ′′, N ′′′]cobalt(II) "
Bis(salicylaldehydo)zinc(II)
Perceptions of Organ Donors and Willingness to Donate Organs Upon Death: A Test of the Prototype/Willingness Model
Cognitive linguistic deficits in relapsing–remitting multiple sclerosis
"Higher-risk sexual behaviour among HIV patients receiving antiretroviral treatment in Ibadan, Nigeria"
"RETRACTED ARTICLE: First observation of spawning of goliath grouper, Epinephelus itajara"
RETRACTED ARTICLE: Nematic Ordering Pattern Formation in the Process of Self-Organization of Microtubules in a Gravitational Field
Bilateral Popliteal Artery Aneurysms with Rupture and Pseudoaneurysm Formation on the Left
Bis(2-formylphenolato)cobalt(II)
RETRACTED ARTICLE: The effectiveness of green infrastructure as a climate adaptation strategy for intensively-used landscapes: an example of the great crested newt
RETRACTED ARTICLE: Some applications of BP-theorem in approximation theory
RETRACTED ARTICLE: Sustainable cost and energy consumption analysis for cloud data centers
Hexaaquachromium(II) bis(4-methylbenzenesulfonate)
" μ-Acetato-tri-μ-ferrocenecarboxylato-bis[( N , N -dimethylformamide)copper(II)] "
"2-Hydroxy-5-nitrobenzene-1,3-dicarboxylic acid monohydrate"
RETRACTED ARTICLE: Cu2ZnSnSe4 quantum dots with controllable size and quantum confinement effect
RETRACTED ARTICLE: A Case Series of Four Patients With Clinically Significant Radiomicrosphere Pneumonitis After Yttrium-90 Radioembolization from the Perspective of Lung Dosimetry
 Numerical analysis of TiO 2 /Cu 2 ZnSnS 4 nanostructured PV using SCAPS-1D 
RETRACTED ARTICLE: Larval genome transfer: hybridogenesis in animal phylogeny
 Antioxidant and Free Radical Scavenging Potential of Peanut Meal Hydrolysate Prepared Using Bacillus Subtilis Fermentation 
 Poly[diaquadi-μ 3 -malonato-μ-pyrazine-dinickel(II)] 
RETRACTED ARTICLE: Young students' drawings reveal perceptions of mathematics class in Finland and the USA
Boron Nitride Nanotube-Based Mass Sensing of Zeptogram Scale
" Diaqua-1κ O ,3κ O -di-μ-cyanido-1:2κ 2 N : C ;2:3κ 2 C : N -dicyanido-2κ 2 C -bis{4,4′-dibromo-2,2′-[propane-1,2-diylbis(nitrilomethylidyne)]diphenolato}-1κ 4 O , N , N ′, O ′;3κ 4 O , N , N ′, O ′-1,3-diiron(III)-2-nickel(II) "
"RETRACTED ARTICLE: Ecological stability of the shorebird stopover site in the Yalu River Estuary Wetlands, China"
RETRACTED ARTICLE: La parole monstrueuse
"2-(2,4-Dichlorophenylsulfanyl)acetohydrazide"
"Concurrent estimation of efficiency, effectiveness and returns to scale"
" (8-Quinolinol-κ 2 N , O )bis(8-quinolinolato-κ 2 N , O )nickel(II) glyoxal hemisolvate monohydrate "
RETRACTED ARTICLE: Waveguide dispersion characteristics of graded/linearly chirp type’s refractive index profile of planar slab optical waveguide by using the modified finite element method
RETRACTED ARTICLE: Boko Haram “Jama'atu Ahlus-Sunnah Lidda'Awati Wal Jihad” in North-eastern Nigeria: implications for Sub-Saharan African peace and security
"{6,6′-Dimethoxy-2,2′-[ethane-1,2-diylbis(nitrilomethylidyne)]diphenolato}methanol-μ-nitrato-dinitratopraseodymium(III)zinc(II)"
RETRACTED ARTICLE: Robust high dynamic range image watermarking using nonlinear hybrid spread spectrum approach
" Aqua(dimethylglyoxime-κ 2 N , N ′)(3,5-dinitro-2-oxidobenzoato-κ 2 O 1 , O 2 )copper(II) "
" Bis(4-phenylpyridinium) tetrakis(nitrato-κ 2 O , O ′)stannate(IV) "
"Triaqua(1,10-phenanthroline)sulfatocopper(II) monohydrate"
RETRACTED ARTICLE: A method to assign sex to leopard Panthera pardus specimens using quantitative cranial data
" Bis(2-formylphenolato-κ 2 O , O ′)iron(II) "
RETRACTED ARTICLE: Aux alentours du néant: propos sur l’anodin
" Poly[aqua(μ 4 -benzene-1,3-dicarboxylato-κ 4 O : O ′: O ′′: O ′′′)bis(imidazole-κ N )palladium(II)] "
RETRACTED ARTICLE: Management and academic practices to prevent higher education corruption – a case review of an international branch campus in Uzbekistan
Activation of Aldose Reductase by Interaction With Tubulin and Involvement of This Mechanism in Diabetic Cataract Formation. Diabetes. 10 April 2014 [Epub ahead of print]. DOI: 10.2337/db13-1265
2-(Benzoylhydrazinocarbonyl)benzoic acid
RETRACTED ARTICLE: Notes on some technical problems in a case of obsessional neurosis
Statement of Retraction
"{μ-6,6′-Diethoxy-2,2′-[ethane-1,2-diylbis(nitrilomethylidyne)]diphenolato}trinitratocerium(III)zinc(II)"
 N -(2-Hydroxyphenyl)carbamic acid–ammonia (1/1) 
Tic convulsif caused by cerebellopontine angle schwannoma
RETRACTED ARTICLE: Feature selection for machine learning classification problems: a recent overview
RETRACTED ARTICLE: Effect of reconfiguration costs on planning for capacity scalability in reconfigurable manufacturing systems
"Investigation of the Inhibition Effect of 2-mercaptobenzothiazole on Mild Steel Corrosion in Hydrochloric Acid: Thermodynamic, Electrochemical, and Surface Analyses"
" [ N , N ′-Bis(2-hydroxynaphthylmethylene)-1,2-ethanediaminato]zinc(II) "
Online Consumer Complaints About Southeast Asian Luxury Hotels
RETRACTED ARTICLE: An integrated approach for characterization of heavy metal contamination in lake sediments in India
Benthivorous fish may go hungry on trawled seabed
Inhibition Effect of Hydroxybenzaldehyde Schiff Bases on the Corrosion of Mild Steel in Hydrochloric Acid Solution
RETRACTED ARTICLE: Applying TRIZ and AHP to develop innovative design for automated assembly systems
RETRACTED ARTICLE: Analysis of advanced image processing to clinical and preclinical decision making with prospectus of quantitative imaging biomarkers
RETRACTED ARTICLE: Pilot-Scale Demonstration of In Situ Chemical Reduction Technology at a Formerly Used Defense Site
Intercultural competence teaching in transnational higher education: a case review of an international branch campus in Uzbekistan
RETRACTED ARTICLE: A Comparative Study of Thermal Burns Treated with Topical Heparin and Without Heparin
Evaluating Coastal Resilience and Disaster Response: The Case of Galveston and Texas Gulf Counties following Hurricane Ike
 RETRACTED ARTICLE: Sap transmission of Tomato leaf curl New Delhi virus infecting sponge gourd in northern India 
RETRACTED ARTICLE: Corrosion protection of steel sheets by chitosan from shrimp shells at acid pH
" Tetrakis(nitrato-κ 2 O , O ′)bis(4-phenylpyridine-κ N )cerium(IV) "
"{μ-6,6′-Diethoxy-2,2′-[ethane-1,2-diylbis(nitrilomethylidyne)]diphenolato}trinitratopraseodymium(III)zinc(II)"
RETRACTED ARTICLE: Proposal of a Performance Bound Estimation Process for Adaptive Transmissions in Land Mobile Satellite Channels
Ethylenediammonium sulfate
2-Ammonio-3-carboxy-5-nitrobenzoate monohydrate
" Poly[aqua(2,2′-bipyridine)(μ 3 -pyridine-2,4-dicarboxylato)palladium(II)] "
RETRACTED ARTICLE: Les épreuves du labyrinthe rochien
RETRACTED ARTICLE: Development and application of intensified envelope analysis for the condition monitoring system using acoustic emission signal
Retracted Article: Sonochemical synthesis of poly(methyl methacrylate) core–surfactin shell nanoparticles for recyclable removal of heavy metal ions and its cytotoxicity
A Novel Carbamoyloxy Arylalkanoyl Arylpiperazine Compound (SKL-NP) Inhibits Hyperpolarization-Activated Cyclic Nucleotide-Gated (HCN) Channel Currents in Rat Dorsal Root Ganglion Neurons
Toward a Unified Theory of High-Energy Metaphysics: Silly String Theory
RETRACTED ARTICLE: Radius of convergence of $$p$$ p -adic connections and the Berkovich ramification locus
Impact and Fruit Properties Affect ‘Red Delicious’ Apple Susceptibility to Bruising
" Bis(2-formylphenolato-κ 2 O , O ′)manganese(II) "
RETRACTED ARTICLE: Role of a Riparian Forest in Soil Decontamination of the Kebir-Rhumel Wadi (Algeria)
" cyclo -Tetrakis[μ- N -(2-hydroxybenzoyl)- N ′-(2-hydroxy-3-methoxybenzylidene)hydrazine(2–)]tetrazinc(II) N , N -dimethylformamide tetrasolvate "
" {2,2′-[ o -Phenylenebis(nitrilomethylidyne)]diphenolato}zinc(II) "
RETRACTED ARTICLE: Investigation of coating delamination on steels by surface topography and Volta potential difference
" catena -Poly[[(nitrato-κ O )(1,10-phenanthroline-κ 2 N , N ′)nickel(II)]-μ-acetamido-κ 2 O : N ] "
RETRACTED ARTICLE: Deprotonation of Arginines in S4 is Involved in NaChBac Gating
μ-Oxido-bis{chlorido[tris(2-pyridylmethyl)amine]chromium(III)} bis(hexafluoridophosphate)
"1-Hydroxy-4,6-dinitropyridine-2-carboxamide monohydrate"
RETRACTED ARTICLE: Studies on long lasting optical properties of europium and dysprosium doped Di-strontium magnesium silicate phosphors
μ-Oxido-bis{chlorido[tris(2-pyridylmethyl)amine]iron(III)} bis(hexafluoridophosphate)
Regulation of activity and function of the p52 NF-κB subunit following DNA damage 
"Tetrakis(μ-2-pyridyloxyacetato)bis[(1,10-phenanthroline)(2-pyridyloxyacetato)lanthanum(III)]"
2-(1-Hydroxy-2-pyridyl)acetamide monohydrate
" Poly[chlorido-μ 3 -1,2,4-triazolato-iron(II)] "
"Abstracts of the 47th Annual Meeting of the EASD, Lisbon 2011"
" cis -Dichlorobis(1,10-phenanthroline)cobalt(II) "
 Formation of stable and strong green luminescent ZnO/Cd(OH) 2 core-shell nanostructure by sol–gel method 
 Retracted Article: Milestone in the N TB phase investigation and beyond: direct insight into molecular self-assembly 
RETRACTED ARTICLE: Les enjeux de la parole
"One-Pot Synthesis of [1,2]Isoxazolidin-5-ones and [1,2]Oxazin-6-ones"
Adolescent Substance-Use Assessment: Methodological Issues in the Use of the Adolescent Drug Abuse Diagnosis (ADAD)
" Poly[chlorido(μ 3 -1,2,4-triazolato)manganese(II)] "
RETRACTED ARTICLE: Two thinks at a time
RETRACTED ARTICLE: Initial Validation of the Caregiver Wish List for Parenting Practices
" Bis(cyanido-κ C )bis(1,10-phenanthroline-κ 2 N , N ′)chromium(III) bis(azido-κ N )[ N , N ′-( o -phenylene)bis(pyridine-2-carboxamide)-κ 4 N ]chromate(III) monohydrate "
 trans -Bis{1-[3-(cyclohexylamino)propyliminomethyl]-2-naphtholato}copper(II) dichloride dihydrate 
RETRACTED ARTICLE: Antimicrobial and antifungal effects of green tea extracts against microorganisms causing vaginitis
Sacred psychiatry in ancient Greece
"{μ-6,6′-Dimethoxy-2,2′-[ethane-1,2-diylbis(nitrilomethylidyne)]diphenolato}-μ-nitrato-dinitratoholmium(III)zinc(II)"
" Bis(2,2′-bipyridyl-κ 2 N , N ′)bis(thiocyanato-κ N )zinc(II) "
 Polymeric KNOF 2 
RETRACTED ARTICLE: Wetland conservation value determination: do individuals pay for conservation improvement in Amirkelayeh International Wetland?
" Tris[2-(propyliminomethyl)phenolato-κ 2 N , O ]iron(III) "
The Catholic Mule: E.B. Tylor's Chimeric Perception of Otherness
" catena -Poly[[aqua(2,2′-bipyridyl)cobalt(II)]-μ-5-nitroisophthalato] "
"Diazidobis(2,2′-biimidazole)copper(II)"
Fatigue and Low Temperature Fracture in Bitumen Mastic
 Tetrakis(pyridine-κ N )bis(thiocyanato-κ N )vanadium(II) 
"μ-Oxido-bis({4,4′-dibromo-2,2′-ethane-1,2-diylbis(nitrilomethylidyne)]diphenolato}iron(III))"
RETRACTED ARTICLE: Apories cioraniennes
RETRACTED ARTICLE: Paroles disloquées
" Tetrakis[μ-(2-pyridyloxy)acetato-κ 2 O : O ′]bis{(1,10-phenanthroline-κ 2 N , N ′)[(2-pyridyloxy)acetato-κ O ]neodymium(III)} "
 N -(2-Amino-3-pyridyl)urea monohydrate 
Poly[aquabis(μ-pyrazine-2-carboxylato)nickel(II)]
RETRACTED ARTICLE: On the illuminationist approach to imaginal power: outline of a perspective
" Poly[chlorido(μ 3 -1,2,4-triazolato)copper(II)] "
"1-Phenyl-3-(2,4,6-trimethoxyphenyl)prop-2-en-1-one"
"2-Amino-3,5-dinitrobenzoic acid–ammonia (1/1)"
CHROMATOGRAPHY: RECENT PROGRESS
"3-Hydroxy-2,4,6-trinitropyridine monohydrate"
RETRACTED ARTICLE: An intelligent approach towards automatic shape modelling and object extraction from satellite images using cellular automata based algorithm
"RETRACTED ARTICLE: Synthesis, Structural and Magnetic Properties of Polypyrrole Coated Ni0.2Ca0.8Fe2O4 Nanocomposite"
 Tetrakis(pyridine-κ N )bis(thiocyanato-κ N )copper(II) 
" Poly[chlorido-μ 3 -1,2,4-triazolato-nickel(II)] "
" catena -Poly[[(nitrato-κ O )(1,10-phenanthroline-κ 2 N , N ′)copper(II)]-μ-acetamido-κ 2 O : N ] "
"{μ-6,6′-Diethoxy-2,2′-[ethane-1,2-diylbis(nitrilomethylidyne)]diphenolato}trinitratopraseodymium(III)nickel(II)"
RETRACTED ARTICLE: Preparation/characterization of solid dispersions and enhancement of dissolution rate on celecoxib as BCS II class
" catena -Poly[[(1,10-phenanthroline-κ 2 N , N ′)praseodymium(III)]-di-μ-phenoxyacetato-κ 4 O : O ′-[(1,10-phenanthroline-κ 2 N , N ′)praseodymium(III)]-di-μ-phenoxyacetato-κ 4 O : O ′-di-μ-phenoxyacetato-κ 3 O , O ′: O ;κ 3 O : O , O ′] "
μ-Oxido-bis{chlorido[tris(2-pyridylmethyl)amine]manganese(III)} bis(hexafluoridophosphate)
Evaluating Two Synthesized Quinoline Schiff Bases as Corrosion Inhibitors on the MS in 1 N HCl
"RETRACTED ARTICLE: Role of LDH as Prognostic Biochemical Marker for Breast Cancer Among Poor Patients, a Study at Rural Hospital"
Astakine 2—the Dark Knight Linking Melatonin to Circadian Regulation in Crustaceans
"μ-Oxido-bis({4,4′-dibromo-2,2′-[ethane-1,2-diylbis(nitrilomethylidyne)]diphenolato}chromium(III))"
RETRACTED ARTICLE: Combined blood and pleural levels of mesothelin and osteopontin for the diagnosis of malignant pleural mesothelioma
A generalized cure model for one-part room temperature vulcanizing sealants and adhesives
" Bis(2,2′-bipyridyl-κ 2 N , N ′)bis(thiocyanato-κ N )nickel(II) "
" Poly[[(μ 4 -carbonyldibenzene-3,3′,4,4′-tetracarboxylato)tetrakis(1,10-phenanthroline)dicadmium(II)] dihydrate] "
RETRACTED ARTICLE: Educational reforms and internationalization of universities: evidence from major regions of the world
 Improved Preparation of β‐ d ‐ManNAc‐(1→4)‐ d ‐Glc and β‐ d ‐TalNAc‐(1→4)‐ d ‐Glc Disaccharides and Evaluation of Their Activating Properties on the Natural Killer Cells NKR‐P1 and CD69 Receptors 
 N ′-Benzoyl-4-nitronicotinohydrazide 
 A new dinuclear Cu II –Lu III complex with a salen-type Schiff base ligand 
Neutralizing Aptamers from Whole-Cell SELEX Inhibit the RET Receptor Tyrosine Kinase
" Bis(4,4′-bipyridine-κ 2 N , N ′)tetrakis(nitrato-κ 2 O , O ′)cerium(IV) "
RETRACTED ARTICLE: Further Pieces of Evidence to the Pulmonary Origin of Sevoflurane Escaping to the Operating Room During General Anaesthesia
RETRACTED ARTICLE: Screening research on membrane protein of dermal stem/progenitor cells with different differentiation potential
" catena -Poly[[[diaqua(6-carboxypyridine-2-carboxylato)holmium(III)]-μ-pyridine-2,6-dicarboxylato] tetrahydrate] "
"2-Hydroxy-3,5-dinitrobenzamide monohydrate"
"RETRACTED ARTICLE: Document image analysis: issues, comparison of methods and remaining problems"
RETRACTED ARTICLE: Characteristics of porous zirconia coated with hydroxyapatite as human bones
" Bis(pentane-2,4-dionato-κ 2 O , O ′)bis[4,4,5,5-tetramethyl-2-(4-pyridyl)imidazoline-1-oxyl 3-oxide-κ N 2 ]manganese(II) "
Erratum to: When the treatment goal is not cure: are patients informed adequately?
Ethylenediammonium perchlorate
Effects of Feed Properties and Waterjet on Coal Comminution
"Tetrakis(μ-2,4-difluorobenzoato)bis[(2,2′-bipyridine)(2,4-difluorobenzoato)terbium(III)]"
"Retracted Article: N, S co-doped graphene quantum dots from a single source precursor used for photodynamic cancer therapy under two-photon excitation"
Potential for Increase in Gabapentin Associated Complications with Its Increased Availability
Dominant-negative effects of a novel mutation in the filamin myopathy
